total_bill,tip,sex,smoker,day,time,size,price_per_person,Payer Name,CC Number,Payment ID
18.69,2.31,Male,No,Sat,Dinner,3,6.23,Brandon Bradley,4427601595688633,Sat4056
17.29,2.71,Male,No,Thur,Lunch,2,8.64,Brian Diaz,4759290988169738,Thur9501
11.87,1.63,Female,No,Thur,Lunch,2,5.94,Annette Cunningham,675937746864,Thur4780
10.65,1.5,Female,No,Thur,Lunch,2,5.32,Linda Zhang,3560509622598239,Thur9593
9.78,1.73,Male,No,Thur,Lunch,2,4.89,David Stewart,3578014604116399,Thur7276
13.0,2.0,Female,Yes,Thur,Lunch,2,6.5,Katherine Bond,4926725945192,Thur437
35.83,4.67,Female,No,Sat,Dinner,3,11.94,Kimberly Crane,676184013727,Sat9777
32.68,5.0,Male,Yes,Thur,Lunch,2,16.34,Daniel Murphy,5356177501009133,Thur8801
10.09,2.0,Female,Yes,Fri,Lunch,2,5.04,Ruth Weiss,5268689490381635,Fri6359
20.45,3.0,Male,No,Sat,Dinner,4,5.11,Robert Bradley,213141668145910,Sat4319
20.29,2.75,Female,No,Sat,Dinner,2,10.14,Natalie Gardner,5448125351489749,Sat9618
18.28,4.0,Male,No,Thur,Lunch,2,9.14,Donald Williams,5363745772301404,Thur3636
18.78,3.0,Female,No,Thur,Dinner,2,9.39,Michelle Hardin,3511451626698139,Thur672
17.47,3.5,Female,No,Thur,Lunch,2,8.74,Kayla Rios,5233918213804470,Thur3906
14.31,4.0,Female,Yes,Sat,Dinner,2,7.16,Amanda Anderson,375638820334211,Sat2614
9.94,1.56,Male,No,Sun,Dinner,2,4.97,Curtis Morgan,4628628020417301,Sun4561
17.89,2.0,Male,Yes,Sun,Dinner,2,8.94,Walter Simmons,6011481578696110,Sun5961
13.94,3.06,Male,No,Sun,Dinner,2,6.97,Bryan Brown,36231182760859,Sun1699
20.69,5.0,Male,No,Sun,Dinner,5,4.14,Joseph Howell,30362407455623,Sun5842
28.97,3.0,Male,Yes,Fri,Dinner,2,14.48,Daniel Mason,3597456900644078,Fri4175
13.28,2.72,Male,No,Sat,Dinner,2,6.64,Glenn Jones,502061651712,Sat2937
15.95,2.0,Male,No,Thur,Lunch,2,7.98,Christopher Lang,4820629318698319,Thur1992
11.59,1.5,Male,Yes,Sat,Dinner,2,5.8,Gary Orr,30324521283406,Sat8489
10.34,1.66,Male,No,Sun,Dinner,3,3.45,Douglas Tucker,4478071379779230,Sun4608
16.21,2.0,Female,No,Sun,Dinner,3,5.4,Jennifer Baird,4227834176859693,Sun5521
17.51,3.0,Female,Yes,Sun,Dinner,2,8.76,Audrey Griffin,3500853929693258,Sun444
20.69,2.45,Female,No,Sat,Dinner,4,5.17,Amber Francis,377742985258914,Sat6649
7.25,5.15,Male,Yes,Sun,Dinner,2,3.62,Larry White,30432617123103,Sun9209
15.81,3.16,Male,Yes,Sat,Dinner,2,7.9,David Hall,502004138207,Sat6750
24.59,3.61,Female,No,Sun,Dinner,4,6.15,Tonya Carter,4832732618637221,Sun2251
13.27,2.5,Female,Yes,Sat,Dinner,2,6.64,Robin Andersen,580140531089,Sat1374
14.78,3.23,Male,No,Sun,Dinner,2,7.39,Jerome Abbott,3532124519049786,Sun3775
16.99,1.01,Female,No,Sun,Dinner,2,8.49,Christy Cunningham,3560325168603410,Sun2959
20.08,3.15,Male,No,Sat,Dinner,3,6.69,Justin Dixon,180021262464926,Sat6840
14.15,2.0,Female,No,Thur,Lunch,2,7.08,Vanessa Morris,213189344156819,Thur3890
25.71,4.0,Female,No,Sun,Dinner,3,8.57,Katie Smith,5400160161311292,Sun6492
7.74,1.44,Male,Yes,Sat,Dinner,2,3.87,Nicholas Archer,340517153733524,Sat4772
22.67,2.0,Male,Yes,Sat,Dinner,2,11.34,Keith Wong,6011891618747196,Sat3880
15.04,1.96,Male,No,Sun,Dinner,2,7.52,Joseph Mcdonald,3522866365840377,Sun6820
20.49,4.06,Male,Yes,Sat,Dinner,2,10.24,Karl Mcdaniel,180024452771522,Sat7865
10.59,1.61,Female,Yes,Sat,Dinner,2,5.3,Sara Jimenez,502053147208,Sat9795
7.25,1.0,Female,No,Sat,Dinner,1,7.25,Terri Jones,3559221007826887,Sat4801
16.32,4.3,Female,Yes,Fri,Dinner,2,8.16,Natalie Nguyen,5181236182893396,Fri6963
19.65,3.0,Female,No,Sat,Dinner,2,9.82,Melinda Murphy,5489272944576051,Sat2467
8.51,1.25,Female,No,Thur,Lunch,2,4.26,Rebecca Harris,4320272020376174,Thur6600
19.81,4.19,Female,Yes,Thur,Lunch,2,9.9,Kristy Boyd,4317015327600068,Thur967
10.33,2.0,Female,No,Thur,Lunch,2,5.16,Donna Kelly,180048553626376,Thur1393
14.52,2.0,Female,No,Thur,Lunch,2,7.26,Jessica Simmons,213102478792200,Thur1512
17.59,2.64,Male,No,Sat,Dinner,3,5.86,Michael Johnson,2222114458088108,Sat1667
24.71,5.85,Male,No,Thur,Lunch,2,12.36,Roger Taylor,4410248629955,Thur9003
20.65,3.35,Male,No,Sat,Dinner,3,6.88,Timothy Oneal,6568069240986485,Sat9213
22.76,3.0,Male,No,Thur,Lunch,2,11.38,Chris Hahn,3591887177014031,Thur2863
16.43,2.3,Female,No,Thur,Lunch,2,8.22,Linda Jones,6542729219645658,Thur9002
22.23,5.0,Male,No,Sun,Dinner,2,11.12,Joshua Gilmore,4292072734899,Sun7097
19.49,3.51,Male,No,Sun,Dinner,2,9.74,Michael Hamilton,6502227786581768,Sun1118
19.82,3.18,Male,No,Sat,Dinner,2,9.91,Christopher Ross,36739148167928,Sat6236
38.01,3.0,Male,Yes,Sat,Dinner,4,9.5,James Christensen DDS,349793629453226,Sat8903
12.9,1.1,Female,Yes,Sat,Dinner,2,6.45,Jessica Owen,4726904879471,Sat6983
23.17,6.5,Male,Yes,Sun,Dinner,4,5.79,Dr. Michael James,4718501859162,Sun6059
16.66,3.4,Male,No,Thur,Lunch,2,8.33,William Martin,4550549048402707,Thur8232
16.47,3.23,Female,Yes,Thur,Lunch,3,5.49,Carly Reyes,4787787236486,Thur8084
12.02,1.97,Male,No,Sat,Dinner,2,6.01,Max Brown,213139760497718,Sat2100
26.86,3.14,Female,Yes,Sat,Dinner,2,13.43,Victoria Obrien MD,4216245673726,Sat1967
27.28,4.0,Male,Yes,Fri,Dinner,2,13.64,Eric Carter,4563054452787961,Fri3159
22.75,3.25,Female,No,Fri,Dinner,2,11.38,Jamie Garza,676318332068,Fri2318
20.9,3.5,Female,Yes,Sun,Dinner,3,6.97,Heidi Atkinson,4422858423131187,Sun4254
7.56,1.44,Male,No,Thur,Lunch,2,3.78,Michael White,4865390263095532,Thur697
24.01,2.0,Male,Yes,Sat,Dinner,4,6.0,Michael Osborne,4258682154026,Sat7872
14.26,2.5,Male,No,Thur,Lunch,2,7.13,Perry Garcia,180034646320219,Thur3579
11.38,2.0,Female,No,Thur,Lunch,2,5.69,Christine Perkins,3548391118913991,Thur8551
40.17,4.73,Male,Yes,Fri,Dinner,4,10.04,Aaron Bentley,180026611638690,Fri9628
23.1,4.0,Male,Yes,Sun,Dinner,3,7.7,Richard Stevens,3560193117506187,Sun1821
18.71,4.0,Male,Yes,Thur,Lunch,3,6.24,Jason Conrad,4581233003487,Thur6048
16.31,2.0,Male,No,Sat,Dinner,3,5.44,William Ford,3527691170179398,Sat9139
13.42,1.68,Female,No,Thur,Lunch,2,6.71,Laura Garcia,5181484390945653,Thur2158
24.06,3.6,Male,No,Sat,Dinner,3,8.02,Joseph Mullins,5519770449260299,Sat632
15.48,2.02,Male,Yes,Thur,Lunch,2,7.74,Raymond Sullivan,180068856139315,Thur606
38.73,3.0,Male,Yes,Sat,Dinner,4,9.68,Ricky Ramirez,347817964484033,Sat4505
21.01,3.0,Male,Yes,Fri,Dinner,2,10.5,Michael Li,4831801127457917,Fri144
27.2,4.0,Male,No,Thur,Lunch,4,6.8,John Davis,30344778738589,Thur4924
21.5,3.5,Male,No,Sun,Dinner,4,5.38,Travis Gonzalez,3527668419764685,Sun245
16.49,2.0,Male,No,Sun,Dinner,4,4.12,Christopher Soto,30501814271434,Sun1781
11.69,2.31,Male,No,Thur,Lunch,2,5.84,Kenneth Goodman,4891259691010,Thur8289
20.76,2.24,Male,No,Sun,Dinner,2,10.38,Gordon Lane,4110599849536479,Sun6738
45.35,3.5,Male,Yes,Sun,Dinner,3,15.12,Jose Parsons,4112207559459910,Sun2337
22.82,2.18,Male,No,Thur,Lunch,3,7.61,Raymond Torres,4855776744024,Thur9424
13.37,2.0,Male,No,Sat,Dinner,2,6.68,Kyle Avery,6531339539615499,Sat6651
16.82,4.0,Male,Yes,Sun,Dinner,2,8.41,Brian Miles,3586342145399277,Sun7621
13.81,2.0,Male,No,Sun,Dinner,2,6.9,Charles Newton,5552793481414044,Sun8594
26.59,3.41,Male,Yes,Sat,Dinner,3,8.86,Daniel Owens,38971087967574,Sat1
20.53,4.0,Male,Yes,Thur,Lunch,4,5.13,Scott Kim,3570611756827620,Thur2160
17.07,3.0,Female,No,Sat,Dinner,3,5.69,Teresa Fisher,5442222963796367,Sat3469
16.97,3.5,Female,No,Sun,Dinner,3,5.66,Laura Martinez,30422275171379,Sun2789
16.4,2.5,Female,Yes,Thur,Lunch,2,8.2,Toni Brooks,3582289985920239,Thur7770
19.44,3.0,Male,Yes,Thur,Lunch,2,9.72,Louis Torres,38848369968464,Thur6453
26.41,1.5,Female,No,Sat,Dinner,2,13.2,Melody Simon,4745394421258160,Sat8980
17.26,2.74,Male,No,Sun,Dinner,3,5.75,Gregory Smith,4292362333741,Sun5205
13.16,2.75,Female,No,Thur,Lunch,2,6.58,Lindsey Meyer,676239597203,Thur6245
21.16,3.0,Male,No,Thur,Lunch,2,10.58,Keith Lewis,4356005144080422,Thur6273
15.01,2.09,Male,Yes,Sat,Dinner,2,7.5,Adam Hall,4700924377057571,Sat855
